shape_id,length_km,num_points,turning_points,complexity_score
5696982,16.992677650645426,245,0,0.0
5696983,16.989409929950103,217,0,0.0
5696985,16.805591969631664,240,23,1.3604965765952481
5696986,16.80607495344499,235,22,1.3013073738630863
10399951,17.15368794465035,345,41,2.376303555015459
10399952,16.45606453440626,289,22,1.3288182076290131
10400256,12.693484166697719,264,38,2.9702620103221373
10400257,12.009248524051266,207,17,1.4038856305768912
10400403,11.848904677011939,247,37,3.096518132844674
10400404,11.342684944430273,213,20,1.7478415334449107
10406489,18.232338370983342,480,68,3.7092922148781224
10406490,17.46474307562624,417,54,3.0743404425273506
10406696,18.2513536132314,438,42,2.2886595117276705
10407730,12.77853049751059,425,51,3.960079141782385
10407731,12.443859522332371,410,51,4.0657343068297696
10410196,9.306228685364513,349,39,4.1461887972893425
10410197,8.5995286346065,335,44,5.057745292655183
10458622,7.026702629775751,256,14,1.9644428464725383
10458766,10.134650881387552,317,23,2.2472676661425894
10458767,10.251355503295368,366,31,2.994776866675201
10460044,14.028596890337873,408,31,2.1941315362461773
10460045,14.117756968418837,449,22,1.5473608142878976
10460166,10.978496561028198,317,25,2.2566238895577855
10460167,10.930484798321336,326,27,2.44776186121112
10460405,11.204538443120882,322,15,1.3269007023571058
10460406,11.10890504635856,302,11,0.9813625822063301
10460600,11.221166546672983,411,43,3.7981951614903733
10460601,10.54757787625278,341,28,2.6297060538480035
10460961,8.486326400381513,277,13,1.5140351523816258
10460962,8.467941879495154,267,18,2.1008545871532696
10461809,10.727687722426724,340,31,2.8630304821029893
10461810,9.99811506521804,276,33,3.2679366185542134
10465901,4.6577665388230205,134,5,1.050913271847278
10465902,5.609533418610116,189,10,1.7514566019361915
10466288,6.081069421763709,167,8,1.2942744133938682
10466289,6.135637205926967,145,6,0.9622112066264866
10466723,9.151076101390904,265,35,3.7833436474204047
10466724,9.685959495898581,292,50,5.109361020853973
10468433,10.050070063604766,652,35,3.4482520594118795
10468434,7.13869023249589,424,16,2.210344618446703
10469386,5.0377949319232185,181,29,5.644444822001586
10469387,4.957474439469663,171,33,6.524995903579979
10478790,5.070835046072554,218,21,4.06123958952245
10478791,5.324693835211312,212,19,3.5025018143277173
10479676,6.174092918642187,241,37,5.897266820843862
10479677,5.379302010571965,213,20,3.650099950944714
10480003,12.681440697766714,379,24,1.8777225954029966
10480004,12.129348621456547,327,17,1.3900985674881559
10480334,10.357534344692507,272,27,2.5818705547644947
10480335,10.897147056257763,344,52,4.728499103811672
10521541,20.90265803030366,451,47,2.237811991805328
10521542,17.32905132816629,340,31,1.7786395493541476
10521608,11.253540259943179,276,24,2.113878090050487
10521609,11.164122935092795,282,34,3.0184329659679716
10529106,17.07813186714108,541,9,0.5239219299052831
10529107,17.101210648256757,546,12,0.6976253151818782
10529702,12.610931162651307,321,15,1.1800866363020432
10529703,12.802065104199862,344,16,1.240111553521126
10533495,18.756378033755684,603,61,3.234979691794524
10533496,18.437199961924204,564,70,3.7761905867003356
10533756,12.693484166697719,264,38,2.9702620103221373
10533757,12.009248524051266,207,17,1.4038856305768912
10534178,7.401380683652295,208,15,1.9996318854593518
10534179,8.033623880813497,257,14,1.7212499871090385
10534539,7.285572784034167,267,52,7.040753848152645
10534540,7.971378110340182,267,16,1.9823132780141373
10534846,6.939521896288962,258,39,5.540148972412417
10534847,6.918498771782024,241,46,6.5541081498715466
10535101,6.996399596340065,436,18,2.536497523234658
10535102,10.327728478641978,627,43,4.1236209868786275
10541123,10.484024583210868,314,11,1.0393021967701193
10541124,10.526135187140367,330,22,2.070367034914459
10541369,15.521456077397925,492,52,3.3287549984048397
10541370,16.008520283258193,495,45,2.7935526794952805
10541999,8.381911382565157,270,14,1.6505713592784585
10542000,8.822357521151233,271,21,2.3536380323493713
10542094,8.932392711576954,342,7,0.774988446973524
10542095,8.92069796843477,344,11,1.2194178364569135
10542239,9.350576270672995,315,35,3.703477861832819
10542240,10.017803565404371,328,41,4.052262898262878
10547200,11.964161759405327,375,40,3.315605410281875
10547201,11.855044552698574,389,29,2.4257542389044398
10550060,9.49673879591005,353,41,4.272284665856846
10550062,8.273260426680542,298,28,3.34397816061959
10550161,10.423322760354965,350,28,2.660756553575054
10550162,10.557688461374811,350,42,3.940817012264414
10550648,29.24675648199439,710,39,1.3289373230710633
10550649,30.106682113939346,799,34,1.1255787667030854
10551226,9.216665696146743,507,16,1.7173525939239616
10551227,9.710995908101046,519,29,2.9558670976566597
10551228,5.775777877934568,285,19,3.2336144072687123
10551229,6.238132132410784,303,19,2.9977286056946126
10551603,10.193259274137638,385,66,6.4119632316878015
10551604,8.941850261610108,335,47,5.198051133356258
10567916,3.1585424798682675,83,8,2.4550853792531853
10567917,3.10697673665563,81,5,1.5591008013404581
10568345,7.975068966268554,185,11,1.362217467856877
10568346,7.3220064492502805,189,13,1.751547925603483
10568474,2.082446436095377,69,11,5.040215337280002
10568475,2.110668397489057,82,11,4.975870651832778
10667604,4.290347777831512,104,8,1.8221791085423704
10694129,6.11308203193768,298,30,4.828521472240062
10694719,5.242399195361483,231,17,3.18209092550781
10715392,19.331426479951382,537,41,2.109984053013414
15480612,10.606079395382471,360,39,3.64279009707519
15480652,10.610619284587731,292,24,2.2407667906313598
15484447,13.098293640791589,439,51,3.8641358790787743
15484747,12.28959434782606,391,25,2.017822319129167
15484821,12.22716613584714,374,29,2.352527716461013
15485879,16.239940559580422,463,51,3.121186384616174
15485956,17.30629703229922,500,69,3.964082646180472
15487095,33.870544683271326,864,29,0.8536807481418143
15487222,32.563577770627525,828,19,0.5816876563070689
15487437,10.043813788405721,349,49,4.830530313559828
15487613,12.289519904905186,391,50,4.0356688865889225
15488050,47.66312393678855,799,22,0.46060638808122345
15488085,8.259151121248756,325,61,7.297391698654605
15488179,8.479288672825971,340,50,5.827988998478387
15488233,10.403997799443113,628,39,3.712872064964413
15488574,9.064963468154433,363,17,1.8548900995699575
15488702,6.711995831124032,283,11,1.6147984045646304
15520257,20.849957235771456,537,17,0.811457503644589
15520318,26.08359969893429,871,66,2.5206618172781754
15520388,25.304432218829103,848,72,2.8341511189781867
15520470,7.263157184125854,249,18,2.444603523989138
15520553,7.1846615386735575,234,29,3.980967385518439
15591158,14.838124110330964,296,26,1.7405130529086195
15591257,16.99132890245344,375,45,2.6329140499742123
15591716,7.907427832982797,226,30,3.746521433066089
15591717,8.286382995459117,287,33,3.934950266147891
15591891,7.144803273892167,201,17,2.3465095403297256
15595786,7.368714195947002,197,25,3.347296381158431
15598066,8.241610334328886,462,21,2.517499518477511
15598067,8.192842951578797,509,21,2.532304075046062
15600954,6.954526823046783,233,13,1.8427883720747444
15601900,9.896443100557832,307,20,2.000711633009139
15601901,9.602555702576685,273,10,1.030656283410393
15633035,4.391371790425141,115,9,2.0038421266274384
15652319,20.560304601945862,591,52,2.5169038405707944
15677017,12.307510128498047,373,27,2.176101387012803
15677018,11.9976314983865,365,28,2.3145026366305212
15677250,6.258428603666803,219,34,5.347233116747234
15677251,6.21010813399269,198,22,3.486469571176684
15743389,18.234532860287477,427,46,2.5089267531672874
15743390,47.62925010336494,786,20,0.4190302583151204
15774594,15.99052976950629,330,15,0.9322253657817414
15774595,16.22940036326398,394,22,1.3472631885181212
15775110,12.924629920958674,335,26,1.9962179469039592
15775111,12.987966881488825,311,18,1.3753091036208678
15797519,7.286315908343656,196,7,0.9476984313780473
15797520,7.50329031645719,205,7,0.9206540469523598
15797521,8.141762750747498,147,2,0.24266653390606366
15797522,8.046478089375892,139,4,0.4910097291265707
15797523,3.1432766095620113,118,3,0.9249904837457374
15797524,3.2943845328459056,131,5,1.473021088688476
15797525,7.544949501391541,169,8,1.0464424910254584
15797526,7.369302874575625,178,1,0.13388130281928298
15830932,6.415567243308069,165,9,1.38130720840056
15830933,6.496164103150928,166,10,1.5160326279970946
15833376,19.373440323135796,569,41,2.1054317737215213
15833377,19.30540686587556,557,28,1.442896827339294
15833516,14.66653671498922,339,7,0.4740448038093074
15833517,14.872593191032813,382,8,0.5343095813750723
15841638,15.674583536464718,250,2,0.1267862314955432
15841639,15.926318605765113,256,7,0.4367815324401391
15841837,3.0861649946793395,106,11,3.452426355310911
15841838,3.0359426320824334,87,7,2.232183691240431
15841976,9.735222607927794,177,13,1.3217799452267813
15841977,5.597641434284394,200,7,1.2285785409167607
15842384,4.0159484130561305,131,8,1.943658957100467
15842385,4.090061959441333,140,12,2.863919463758951
15842685,7.394601759936935,161,12,1.6011524540432656
15842686,7.614155384331747,162,14,1.8148454759461365
15842819,3.5861968976938625,114,1,0.27128230741706016
15845945,10.209377051378873,322,16,1.5519851413194758
15845946,10.297429129092935,320,17,1.6350195600210906
15846180,6.227532563197543,187,8,1.2643158956668088
15846181,6.250920943512603,193,9,1.417117309449963
15850224,6.6289104202771725,208,10,1.4861247030225866
15850225,9.870104708011826,196,23,2.306896534548684
15850507,9.957902086233526,290,13,1.2925160623499596
15850508,8.664947852612467,283,7,0.7986356699102997
15850621,8.698871652115724,196,1,0.11365093611287602
15850622,9.007626351051263,200,7,0.7685866470786885
15858006,7.279329808935497,223,29,3.9298961763281572
15858007,8.17515882732091,276,29,3.504464458646382
15858149,8.913231680187163,296,38,4.216023880039764
15858150,10.14920338734372,359,42,4.097879455867166
15858267,7.70442259110961,275,36,4.612769180516867
15858268,8.067615100543032,278,28,3.428173298486898
15858337,7.902080443453809,280,32,3.9989600487180748
15858338,7.339188885975286,234,21,2.8228883984368514
15858402,9.110889532531367,301,34,3.691283005828864
15858403,9.080230147778831,302,33,3.594681121146445
15858711,18.980222372447276,382,37,1.9391807536493761
15858712,20.066244265689836,443,38,1.8843369890471826
15858885,7.773826714252324,196,19,2.4130579309814273
15858886,7.802405168020034,219,15,1.898156280407258
15858956,8.746765760440082,204,8,0.9042852740346592
15858957,8.371831274579005,154,5,0.5901911685851495
15861780,9.39355481187611,222,9,0.9480115908470146
15861960,9.20078352405013,154,9,0.9676604101931456
15861961,9.53693237130644,270,17,1.7640468299452619
15862748,8.694545047481027,290,22,2.5015506636470457
15862749,8.866398125121597,275,15,1.6729125553742439
15863783,10.111319670272541,339,26,2.5461939141609555
15863784,9.986251404193334,300,16,1.5863177863431046
15863860,21.709956383808525,415,14,0.6419086656401316
15863861,21.090516131109585,416,8,0.3775273783093598
15864073,6.128128107367234,153,11,1.766180754533314
15864074,6.065704793725288,123,9,1.4596871405778487
15865441,4.290347777831512,104,8,1.8221791085423704
15865442,4.376618602966324,114,9,2.010446008073229
15865945,6.21713460485591,202,11,1.7412958070490416
15865946,6.1300474302044945,185,6,0.9630745298841259
15866772,11.462857542385779,276,6,0.5189028731008661
15866773,11.791526366819605,309,7,0.5886544573059845
15867047,7.932797979284627,197,12,1.4938754878370137
15867048,7.575997421931326,164,10,1.3027622926798665
15867149,11.504690110456359,350,25,2.154301386943013
15867150,11.377472917451415,321,16,1.394035090744768
15867418,7.454645695121273,147,11,1.4560576953468127
15867419,7.175481734964593,166,14,1.9242712042995918
15867570,9.202151137520909,307,30,3.225060478644859
15867571,8.856102540863565,295,27,3.01470420607719
15867649,7.03777483039704,181,13,1.8212958952750928
15867650,6.9050876070335265,186,8,1.1420271164014455
15867784,5.7347580106258835,114,5,0.8569335679207817
15867785,5.75400393117042,100,5,0.8541162696145176
15869241,11.19287729078996,264,19,1.6824764416324327
15869242,11.314480960523515,262,20,1.752160266346681
15869310,8.815726464996388,205,16,1.7945817497673178
15869311,8.83417905818968,224,18,2.0147346368103034
15869364,3.1351587647153787,87,4,1.2364153634827595
15869365,3.2357436345580535,104,12,3.5973987556120623
15869887,6.155997593037692,143,6,0.9590796528881994
15869888,6.885994349637402,192,15,2.147153182392504
15870073,3.2027228165645396,84,0,0.0
15870074,3.219428108497869,72,0,0.0
15870222,7.46412698600665,214,26,3.437277037799474
15870223,7.741077664789177,276,31,3.9535381901912965
15870630,10.52933139350712,325,21,1.9756651874479856
15870631,10.522417673035369,292,10,0.9414052721147133
15870791,8.25595566254356,250,11,1.3164263244369097
15870792,8.254570068624869,271,14,1.6757295569973416
15870958,12.61762387279606,272,15,1.1794656100882266
15870959,12.890861024063325,307,14,1.077680684449431
15871078,6.062378973072489,176,8,1.298199937874203
15871079,6.089289514227892,154,10,1.6156943340608119
15871273,7.419929583091882,216,10,1.3297996862210533
15871274,7.481196831114488,230,19,2.5062005938192837
15871622,9.200878333208026,304,25,2.6879181841073594
15871623,9.246559889541745,344,41,4.386640698239853
15876623,10.424392820893987,242,34,3.230590170722257
15876624,10.563975474580285,265,27,2.531888793664229
15876723,8.724582368733298,291,25,2.832995257495518
15876724,8.705643643956792,307,27,3.066215383191185
15876750,5.856501149971546,181,12,2.014605503779232
15876751,5.730331469992896,175,7,1.2006178441186517
15876868,4.270878258600986,97,3,0.6863609147879193
15876869,4.374876145140332,121,5,1.117349360703524
15876933,4.524433142843674,96,1,0.21624271972609302
15876934,4.560007997644732,109,4,0.8583676255537944
15877449,7.326641178751847,168,25,3.3662593086531225
15877450,7.243209372668033,193,19,2.5874245218608913
15877498,6.688694099512194,236,14,2.062252296948537
15877499,6.737789063818136,256,22,3.2174142540330832
15879146,6.197544209067585,155,21,3.334633200313692
15879147,6.428311267635209,186,25,3.8294742660234564
15880131,8.432864277203622,251,9,1.0547454767380253
15880132,8.715258620983864,282,29,3.2897503348306003
15880211,7.869685007088887,245,35,4.391641572893803
15880212,7.589419839121175,267,43,5.592099391065956
15880306,7.173575318022349,244,21,2.887163338773235
15880307,7.159499541924055,276,32,4.408017359212993
15880395,9.945547207913634,297,36,3.583677350263218
15880396,9.984239668718908,326,43,4.264079535255897
15880657,8.824162943029544,287,32,3.585770475537368
15880658,9.68787884090674,339,48,4.9040247412332425
15881002,6.074657096545249,212,21,3.4009985771921816
15881003,6.258563427311539,227,31,4.875315054159505
15881506,7.204855548421514,236,34,4.654438376587333
15881507,7.213801799547505,254,40,5.469111837632071
15881682,9.385939232826388,278,11,1.1596110548478065
15881683,9.635552455615253,306,30,3.0814892258832893
15882442,9.460665989403482,289,29,3.0332614937225095
15882443,9.563417864167569,309,34,3.51842386181743
15882496,10.082817914322572,315,35,3.437162511839772
15882497,10.123655561884533,327,44,4.303744363614833
15882548,10.10672330055639,296,35,3.429112259572284
15882549,10.214896854252133,331,42,4.071780900328271
15882636,10.293804220586864,261,21,2.02043443904837
15882637,10.413163783682442,290,33,3.138921896301049
15883169,12.851201506710485,487,25,1.9303228342981613
15883170,12.654359467852546,479,20,1.5680912907002618
15885967,6.719180995538649,210,20,2.932903528016739
15885968,6.889086189146096,221,22,3.1477648729193723
15886150,9.334541222442425,249,22,2.3318568949243104
15886151,9.492869949051054,266,32,3.335810885580233
15887142,6.157662600391415,224,32,5.113730484286323
15887143,6.161073081195771,249,31,4.9512279441529
15887189,6.969662465914277,223,14,1.9802925624101155
15887190,8.50562795603999,297,30,3.486090748199734
15887238,4.395957114031701,118,12,2.6690646052980544
15887239,5.93722939638906,190,29,4.803527925797429
15898345,14.635156814118949,374,14,0.950108653515344
15898346,14.562348244379223,400,7,0.4774132958329805
15900378,5.518136387108796,193,7,1.2459647679721673
15900379,5.569021871542683,205,5,0.8819863661311603
15900553,3.632214563367064,137,3,0.803812307428947
15900554,3.5992430147686223,138,2,0.5406511526859218
15900881,3.621969703236649,143,12,3.2240993228839887
15900882,4.095722714460972,168,22,5.243435159376675
15901018,4.8872691046199215,240,29,5.8148055361873405
15901019,4.8307472637168605,201,16,3.2449442537314304
15901144,4.982508553199791,131,14,2.7545452906687253
15901145,5.27220649606113,164,32,5.956584137907248
15901993,4.095657287699107,147,15,3.5751251762095135
15901994,4.098547735717022,146,21,5.00172948406734
15902041,3.195206359192285,135,16,4.855538092589105
15902042,3.065423854047942,109,6,1.8954807560217262
15902169,5.76216055547767,178,21,3.582296970760612
15902170,5.7660088036272255,193,15,2.5571049246848734
15902283,5.249187987905592,206,36,6.729993427300609
15902284,5.099843588702684,185,24,4.615523446155771
15902319,6.444744154846287,220,26,3.9726533818357717
15902320,6.486959618912376,248,34,5.161713744590103
15902999,6.665763273424069,294,6,0.8868179032464839
15903000,6.484790533814647,262,11,1.6705163123279445
15903089,3.9358915715613407,221,14,3.468874163679255
15903090,3.9933885538872507,194,11,2.687260164822112
15903258,10.663207810589444,237,20,1.8581820914321552
15903259,9.931107652074644,215,18,1.7944179869585213
15903400,6.989637688366798,166,17,2.397865835639931
15903401,6.534777668323205,142,7,1.0550466571653934
15903452,10.752034836452355,227,22,2.027269570320697
15903453,10.517680604520766,215,9,0.8476427512961734
15903516,8.758756616690812,197,15,1.6932398810616889
15903517,8.878374616886251,211,19,2.116195949795343
15904625,9.793227403337966,275,13,1.3140302421041907
15904626,9.83580433270486,269,8,0.8051688350652263
15904689,10.095393753684629,252,9,0.8827515854154616
15904690,10.124786856744972,246,13,1.271420146173933
15904809,12.630239055288534,291,18,1.4139561654596144
15904810,12.598690720989392,274,21,1.653713793130622
15905757,10.529706310307896,213,13,1.2229876932153403
15905758,10.598589881546662,236,9,0.8412323586235926
15905794,11.819814687999491,200,14,1.1745149036666465
15905795,12.132429273270319,235,27,2.207247587280069
15905847,11.285509258893203,218,25,2.1957735426259077
15905848,11.150490644654257,205,17,1.511045210110695
15906131,9.49695067154244,210,19,1.979795525712157
15906132,9.639050728898436,217,19,1.9509088235490741
15906161,6.989637688366798,166,17,2.397865835639931
15906162,6.534777668323205,142,7,1.0550466571653934
15906874,4.839679733713994,180,20,4.048845487592495
15906875,5.195745398123742,229,47,8.875049018907118
15906944,3.839101277238888,145,7,1.7770550964119023
15906945,3.8039864345194783,138,11,2.8176327414298337
15907056,8.991281389289604,273,16,1.759927925985167
15907057,8.907328403367229,251,17,1.8873520802955128
15907232,6.91218710507145,240,29,4.135656902113497
15907233,6.968080489959872,242,30,4.244433837817023
15907303,8.086293526572556,347,6,0.7329324291297535
15907304,8.165431775186946,347,3,0.3629574451278012
15909907,8.889318283738374,315,34,3.78226678896283
15909908,8.652590847390464,290,25,2.8562971165793285
15909989,7.421264739247879,212,11,1.4625199858474855
15909990,7.109373362750072,187,6,0.8322498639065148
15910056,7.028563308404034,198,32,4.488983069319794
15910057,6.9640536877921875,194,16,2.2649884481555618
15910151,3.4329323433517773,130,23,6.5101727869997505
15910152,3.44564620589187,129,16,4.5125765716310005
15910211,16.96132603842689,425,24,1.4066901919549084
15910212,17.267112087159916,502,32,1.8425631066007033
15910284,7.868826558729865,149,11,1.3803788950519293
15910285,7.905026405642691,138,11,1.374136628986779
15910341,7.63231565149252,254,46,5.949058739101128
15910342,7.171887778078676,212,19,2.612801597031801
15910405,4.125270089206446,171,28,6.626795307482633
15910406,4.132724731355371,161,23,5.433852059790128
15910505,5.703595931791173,241,38,6.547664662841543
15910506,5.786735355287713,245,48,8.153925240903583
15910593,8.344359457321506,230,20,2.368444889287537
15910594,9.422857111066437,240,28,2.9402940392186947
15912624,2.897947754329167,78,1,0.3335615167262193
15912625,2.8522496674819497,95,1,0.33872473965012784
15912954,6.137676037165232,142,8,1.282528934227189
15912955,6.142009652673132,169,9,1.4418433326429994
15912993,4.376618602966324,114,9,2.010446008073229
15912994,4.30383502752634,104,7,1.5895236665874704
15913022,3.7608184362066117,104,15,3.885186586173169
15913023,3.8151010138929395,100,20,5.108425026334943
15913084,4.6359462287487165,150,18,3.8007188279998227
15913085,4.600952556371414,148,13,2.7653969794654727
15913107,3.855188275405191,150,14,3.5396545057177495
15913108,3.8388332509207324,141,11,2.792705174160055
15913168,14.562348244379223,400,7,0.4774132958329805
15913169,14.635156814118949,374,14,0.950108653515344
15913209,3.1917356618087833,85,8,2.430328805808198
15913210,3.157364671967048,83,5,1.534983185343081
15913310,4.580865603680529,138,9,1.9227213002918455
15913311,4.703291578117869,153,10,2.081905676006956
15913398,7.431909950510352,242,22,2.9209058717582397
15913399,7.616340527172802,253,15,1.943926651134442
15913786,8.694163637794826,244,17,1.9331002583280135
15913787,9.027930619956669,279,22,2.410184839913303
15913795,3.195206359192285,135,16,4.855538092589105
15913796,3.065423854047942,109,6,1.8954807560217262
15913849,16.909115231659506,467,23,1.3522161315710004
15913850,17.102475476760688,436,21,1.2207545378204139
15913984,11.504690110456359,350,25,2.154301386943013
15913985,11.237185845417153,342,21,1.8523115247765705
15916305,4.517485876093538,151,16,3.4650891046225007
15916306,4.5339310355907045,140,12,2.5895939986664724
15916362,10.926193331268077,380,34,3.0835664656434787
15916363,11.31969416011502,439,66,5.7794892818158665
15916399,9.094082006898606,251,17,1.8490154848786828
15916400,9.53981235708388,290,22,2.2822020994872534
15916627,1.6996934365015774,73,3,1.6669505701102614
15916628,1.6993563530654647,74,1,0.5557542830781433
15916754,6.775386269771376,426,18,2.6180347247018814
15916755,6.849012187347514,383,16,2.30248552868164
15916837,5.51714410587068,207,38,6.765003582565174
15916838,5.433150419674395,218,30,5.421865975905529
15916907,8.535697618362972,529,27,3.1265569028942286
15916908,8.502498412087348,555,22,2.557396577846252
15916955,9.362054425850777,303,24,2.53644704625994
15916956,9.447838586674886,343,38,3.9799583596892183
15917635,11.585897634632394,408,24,2.053757507585336
15917636,11.959634465908056,432,30,2.4876375884201467
15917695,5.869298313398508,216,24,4.020573062353129
15917696,6.081587987004539,236,35,5.661975543109632
15917886,6.05114152563855,194,11,1.7882859554037152
15917887,6.022033479200941,180,6,0.9800665122764294
15917947,19.373440323135796,569,41,2.1054317737215213
15917948,19.30540686587556,557,28,1.442896827339294
15917969,9.720451328590576,298,14,1.4255963938481502
15917970,9.69738985210293,276,11,1.122748014119183
15918068,4.3557748584027,192,13,2.9175621329889685
15918069,4.364963324682029,167,8,1.791728043044949
15919607,8.145855508253117,260,33,4.0020104605241915
15919608,7.996940640277563,260,27,3.3345928048046605
15919796,7.948197655908917,255,37,4.597302598903609
15919797,8.725366854845308,304,34,3.8525310685904577
15919878,5.420235612660814,166,17,3.079578697874784
15919879,5.542804208228071,166,19,3.367120193944546
15921310,6.849012187347514,383,16,2.30248552868164
15921311,6.775386269771376,426,18,2.6180347247018814
15921452,9.346044233817352,343,41,4.340441245576405
15921453,9.331918940773422,324,23,2.438528166370564
15921589,5.067476393362316,162,4,0.7740722347833164
15921590,5.082415337671754,167,2,0.38592043857652636
15921654,4.639447529470057,264,2,0.42199011331255964
15921655,4.724426663572404,273,2,0.41455703225863416
15957902,7.457704989835134,243,18,2.3816753927560566
15957903,7.631152933280604,284,31,4.009751232129047
15958042,7.569204560317198,278,38,4.954881526647964
15958043,7.6548909372930085,283,40,5.1580351449742965
15958105,6.5087102759650515,260,32,4.8420945485202305
15958106,6.5278899970767466,238,33,4.978960123742966
15958347,8.19500373884148,240,18,2.1699809387323996
15958348,8.341455681254404,313,30,3.553889415852739
15958500,11.16408051397563,282,12,1.0653332941922153
15958501,11.509131882283581,334,23,1.9811989589936307
15958562,10.953867104635751,304,13,1.1760590096607986
15958563,10.607979591064643,250,5,0.4669414951231593
15958616,9.385939232826388,278,11,1.1596110548478065
15958617,9.635552455615253,306,30,3.0814892258832893
15958642,9.080230147778831,302,33,3.594681121146445
15958643,9.110889532531367,301,34,3.691283005828864
15958708,4.663695694978571,187,30,6.297631486331738
15958709,4.68474410677173,177,39,8.150906115293452
15960813,20.440202841957774,582,48,2.336880524955172
15960814,20.399298524583163,575,39,1.9025041248719037
15960875,7.846472639745624,285,33,4.152785958759227
15960876,7.547100200411024,221,24,3.1384445568936084
15960942,6.258175676764338,188,13,2.0446116403338626
15960943,6.536702571135821,216,29,4.369639845866541
15960975,7.157708555006186,226,14,1.928983493053486
15960976,7.1842828978153195,233,27,3.706610572208523
15961076,3.5992430147686223,138,2,0.5406511526859218
15961077,3.632214563367064,137,3,0.803812307428947
15961303,18.55654843090369,530,26,1.3936125482317099
15961304,18.927637584725773,553,41,2.154760401412748
15961339,19.60337486424184,587,52,2.6391417895809743
15961340,19.655440814819983,556,47,2.3790914331176
15961492,17.78416128439028,433,30,1.6774619465205063
15961493,17.203609462521797,468,25,1.4447852659959735
15961762,7.640334353057519,299,32,4.13418833610975
15961763,7.658716604212644,274,33,4.253280752912465
15961852,7.2842748566403435,261,24,3.2501498746918784
15961853,7.361649212386471,251,30,4.020558879959067
15961883,10.31208796401964,325,23,2.2089709652357503
15961884,10.40546419562581,321,36,3.426788129456424
15961976,6.8155380609036,190,9,1.3014171740129272
15961977,7.028592803446045,217,6,0.8416808429707936
15962017,8.50041139696887,227,7,0.8139145532581246
15962018,8.45248453398759,221,7,0.8184756104710843
15962063,5.327891159537726,114,11,2.0265697444340116
15962064,5.6241356084357506,162,17,2.969880723116837
15962101,4.865665571676399,160,20,4.027657463297119
15962102,4.875487068082563,175,17,3.416750916519095
15962157,5.537857627919807,182,24,4.256936159782959
15962158,6.465056170161978,255,24,3.6557189120604057
15963096,9.538342344839826,296,15,1.556284209808204
15963097,9.546789650686913,298,15,1.5549214342962174
15963185,7.8476662686026435,199,15,1.8873464855032591
15963186,7.8532051074329186,242,19,2.3889739725488726
15963255,7.905026405642691,138,11,1.374136628986779
15963256,7.87173602876751,153,15,1.8816478551057982
15970720,3.1052301151265653,145,10,3.119900799885355
15970721,3.0904612906937188,147,11,3.4477772954293426
15970881,5.027334702680881,226,14,2.7304634496905287
15970882,5.791753525158329,288,17,2.8853888621457835
15970953,3.066373191923964,139,11,3.474006168336758
15970954,3.724955758193812,166,12,3.137291189393139
15971055,5.0741975170059455,209,7,1.3528667927718687
15971056,5.6267812637140455,251,23,4.016217651917717
15971138,8.587585846575637,545,41,4.719377825332323
15971139,8.455785809868201,514,41,4.792078823748813
15973774,12.066056908720844,444,66,5.424929415930156
15973775,12.056505695118172,432,54,4.44206594841521
15973830,5.180788540893876,241,20,3.7873131720995996
15973831,5.364863546542136,240,18,3.2937693405701607
15973922,11.267920552849848,238,15,1.3195025361291446
15973923,11.089448752462626,253,5,0.44684953750733936
15974266,11.667838921953624,245,15,1.274660547232388
15974267,11.601330489589841,264,5,0.4273018358423668
15974306,4.358982628251936,108,8,1.7941312328315253
15974307,4.230205859101131,101,9,2.0784231264857764
15974326,12.303040432758825,243,10,0.8062539225130694
15974327,12.140872143766885,256,5,0.4084676272471342
15974744,6.237349658393451,179,8,1.2623573624984485
15974745,6.130657899198928,180,10,1.6049669492022174
15974791,7.878443368451675,247,17,2.1307414510481233
15974792,7.871636991062329,278,16,2.007115981063732
15974904,10.392013826709576,295,15,1.4296588098096497
15974905,10.321349041242925,274,10,0.9595686662470071
15992539,9.22479796222204,200,14,1.5013730116962116
15992540,9.121811555067646,188,21,2.277209838283879
15992644,10.690108810189773,305,23,2.131581840794753
15992645,9.229138927849673,322,24,2.572584692500865
15992740,4.419976768448267,170,16,3.5398412026557584
15992741,4.398442632156122,164,18,4.001384806228489
15992880,1.4726243349557946,76,0,0.0
15992881,1.472624334955795,76,0,0.0
15992967,3.2417269218352116,142,9,2.693218270228189
15992968,3.1668882866277754,145,9,2.754915139534873
15993130,11.654363926129305,356,26,2.211944445773321
15993131,11.075712836672386,298,14,1.2527165116537262
15993246,3.8460344025358615,158,25,6.33547441551298
15993247,3.7346050096229657,142,26,6.7803593681103616
15993361,2.5789235338219916,95,6,2.239705584817445
15993362,2.603444067594445,97,6,2.219391209872105
15993374,9.183983204010019,592,39,4.20078312756477
15993375,9.052860966832904,550,38,4.151707333663221
15993525,8.662091573719753,398,30,3.42384004408027
15993526,7.786733782565214,332,23,2.9162896370161353
15993649,8.685326500277261,330,57,6.488091250587114
15993650,8.734578753561276,321,52,5.885962585260612
15998236,6.58888270584822,221,40,5.980071973010863
15998237,6.644090456419562,234,39,5.782840584956374
15998275,2.3320507217653916,119,29,11.924093416501323
15998276,2.6915826718983973,97,20,7.1643946644786745
15998425,4.1970065258872475,130,12,2.792641790908669
15998426,4.254071475244499,132,11,2.5263710213627824
15999095,8.686901935589551,202,3,0.34141726196455124
15999096,8.849070224581483,189,8,0.8939476168178279
15999121,6.377274128388189,137,2,0.3087718630333285
15999122,6.559871080386333,162,11,1.6516836237859878
15999150,13.570059849755268,281,15,1.0972885389575338
15999151,12.580722912917869,279,8,0.6308788587952182
15999252,5.142486152904159,200,18,3.433485463767723
15999253,4.595867726589728,171,13,2.7683914362385518
15999427,3.3250841700816385,70,4,1.167854511413265
15999428,3.302138663005022,66,2,0.5878655158145292
16003638,13.902242070215767,293,18,1.285508414276588
16003639,13.86206215819636,295,13,0.9310945512707386
16004101,10.101751927205918,213,15,1.4703356940093955
16004102,10.09232767195095,231,5,0.49056507609737515
16004167,10.322425309851882,222,15,1.4392043650167614
16004168,10.292404657946703,238,5,0.4811206034184473
16004298,23.383460714620664,657,47,2.0014085901205383
16004299,23.383938285790677,647,32,1.3626334565596308
16004407,8.18056619191509,254,21,2.536058466690817
16004408,8.188889478500895,212,7,0.8445039613757764
16004440,5.897960808755616,191,20,3.3344666025167577
16004441,5.865316608704986,215,17,2.8498068275525346
16004668,5.013772462063729,230,31,6.062060881662606
16004669,5.019418976358555,215,24,4.688032003403483
16006991,11.221123866346367,327,39,3.4448876684348435
16006992,11.212357796584714,312,37,3.2707593470187604
16007053,11.70881404048036,472,20,1.6936501778620978
16007054,11.933678338032044,484,39,3.240904310757733
16007113,11.220004547538625,388,57,5.035333666221348
16007114,11.159566766270618,379,50,4.4406681924726445
16007164,3.3918345222881268,81,12,3.436588968751202
16007165,3.3831588595980038,77,12,3.44514863768945
16007245,10.17093290230485,341,17,1.6551563681411172
16007246,10.285736565447566,337,29,2.7922911213134807
16007280,8.668190248271584,244,17,1.938826544434423
16007281,8.527759688309708,270,25,2.89762358980328
16007346,2.5578048185703075,77,0,0.0
16007347,2.6432559810757263,78,1,0.36453032706334065
16007489,10.966695323576285,328,40,3.6144484717840504
16007490,10.933493344750978,330,40,3.6253250670631356
16007563,12.555489822943732,336,38,3.002649485056518
16007564,12.569962356607288,327,26,2.05209765176936
16007598,11.90632681846618,376,41,3.4148662301063193
16007599,11.84589336194197,359,37,3.0972987016506517
16007789,4.111359377819175,135,17,4.036701329631796
16007790,4.120552929116279,135,19,4.501779818687956
16007848,14.561865075333047,415,51,3.4784114938966266
16007849,14.587487426109027,414,46,3.1319175748350725
16007929,7.903093394717902,282,48,5.9976808507170905
16007930,8.513898325979634,307,49,5.688481352538762
16008088,11.057108831446975,405,61,5.467366225564446
16008089,11.115397954181274,414,59,5.260624744751379
16008306,6.115754001573708,212,28,4.504682777489416
16008307,6.238125738294484,226,35,5.522137212982791
16067899,19.182286548438118,510,26,1.3483878032144492
16067900,19.25428860575487,581,38,1.9633891368500596
16068005,9.649840575620564,311,37,3.7949338466639495
16068006,9.350576270672995,315,35,3.703477861832819
16068570,17.000842739852388,392,13,0.7601964533422879
16068571,17.562561755896507,445,30,1.6985078616913956
16068672,11.029924898716091,338,26,2.336044513921138
16068673,10.88305091543895,339,27,2.4583333181170923
16068752,11.407433410864696,351,36,3.1284126281374567
16068753,11.473542563128005,369,40,3.4561587156067035
16068913,9.717274834365849,361,47,4.787479294709588
16068914,9.756738267686472,372,48,4.869765098395611
16069111,9.076587331695825,332,48,5.230702685540687
16069112,9.164073072958292,330,41,4.425699114969037
16069190,13.988871353666775,406,31,2.2003181959591056
16069191,13.96947762843765,439,22,1.5636685725654051
16069228,12.311623811189087,390,51,4.1090513840762295
16069229,12.315349855671702,365,41,3.302363644732088
16069470,10.112028652421644,366,55,5.385805491934014
16069471,10.001448201170273,334,46,4.5538024928614504
16069556,11.16724201901832,326,46,4.082631749842172
16069557,11.806552209954186,392,52,4.367343214312424
16070511,10.958262186875409,362,37,3.345914518459669
16070512,10.271833569267551,297,37,3.567353809998795
16070564,10.036239930066381,356,35,3.452956938813384
16070565,10.158283171058867,351,38,3.7043235565194106
16071247,12.25078336533261,391,39,3.157694443047963
16071248,11.718681015517777,412,47,3.9767550996841017
16071320,7.331386779454789,187,29,3.9023671974892977
16071321,6.711061004410067,186,17,2.4959400582365565
16071552,12.100268293843635,388,45,3.6884434765018574
16071553,11.96357760888338,353,26,2.1552478744658727
16071655,11.69888389326758,432,56,4.746211633793048
16071656,11.565050797182494,398,33,2.8289632487473284
16071826,13.040487487619217,453,38,2.8918257435885137
16071827,12.498180350681025,432,30,2.381296279694732
16072016,10.969984007381603,494,38,3.4327059528415873
16072017,11.923288960274569,459,46,3.8259082146312755
16072167,9.555793095324969,233,21,2.174860189389056
16072168,9.915261205238092,257,21,2.096800030439223
16072245,11.366699289979815,313,14,1.2209267589526756
16072246,11.41343926523822,340,21,1.8239554242843785
16072456,14.59131919357974,430,39,2.6546288652582954
16072457,14.476378223993542,436,31,2.1267285688959587
16074158,10.668483630728359,398,40,3.714543418709221
16074159,10.638000623387242,373,40,3.725088254593733
16074206,14.274776554002068,316,15,1.043494481020219
16074207,14.14160966993582,294,14,0.9830349465028619
16074340,10.55016754179949,355,24,2.2534856757703996
16074341,10.49188800019052,349,16,1.5105899911056653
16074674,7.984128951094108,294,32,3.95837327603107
16074675,8.001132238012005,311,37,4.567262811288178
16074769,23.05585823182529,621,70,3.0229931147096227
16074770,23.00234313909131,608,61,2.640424810277462
16074869,11.193319511885075,353,35,3.0991773466752663
16074870,12.239491736582588,418,36,2.91746214256716
16075028,17.029850420140175,933,43,2.5102379148298555
16075029,16.93350963468844,894,43,2.524435710678864
16112801,20.036035886894993,497,22,1.0925685732571682
16112802,10.42678822753336,669,43,4.084816666828281
16239075,28.686429794810476,469,11,0.3821244967996359
16239076,29.31436921095782,457,15,0.509954841880886
16239077,54.89488355908432,926,67,1.2182951515483773
16239078,53.75212102433252,874,40,0.7427748292760171
16290765,14.476378223993542,436,31,2.1267285688959587
16290766,14.575323062437425,429,38,2.58938081555859
16290767,13.249888076471313,434,52,3.8951637423573677
16290770,18.548970638662095,558,50,2.681113127838946
16290771,16.985546321710217,460,42,2.4582181458623626
16761107,10.607230236189693,361,42,3.9225830652303455
16761108,10.44303776173753,327,34,3.224877001142096
16761256,12.899811918235914,416,65,5.000072340186639
16761257,12.53202862674928,397,56,4.433175513980054
16761406,18.978170960532857,577,72,3.7739466822551746
16761407,18.891864082299264,605,75,3.9490594327652784
16761709,28.428738679896355,1130,25,0.8763093342649954
16761710,28.886564323136604,1144,36,1.2419547069697179
16761935,12.281213472337553,470,63,5.088354234482455
16761936,11.818990385988569,459,62,5.201782868529236
16763529,7.607645857427098,324,33,4.281462927905692
16763530,8.87108871846458,387,30,3.3440757238586936
16763583,3.8951120383196254,110,1,0.2503058713769158
16763584,3.877992932499031,122,2,0.5027661018853474
16763688,10.480021091072615,403,31,2.930050869762225
16763689,9.974393651206682,337,18,1.7867080266259014
16763759,7.4084397326181,199,25,3.3295865572970125
16763760,7.236877601909318,207,17,2.3170619604688505
16763785,12.610931162651307,321,15,1.1800866363020432
16763786,13.157117035323665,365,21,1.584054809506877
16763887,10.953699003525875,344,20,1.8093490689062965
16763888,10.567923470632628,341,21,1.9685180586278297
16764496,8.767840325660556,566,41,4.6234481558446365
16764497,8.992155043515792,504,41,4.509381967616112
16764668,18.554677237241197,405,39,2.0906285058710363
16764669,19.211213939279105,455,46,2.38203564750716
16764706,8.735872941962215,310,58,6.564150523776061
16764707,8.725448042723759,323,52,5.892052136987197
16764847,22.644669742846656,484,38,1.6707211153044437
16764848,23.181693710203717,524,49,2.104657874548219
16765468,23.646076012732482,581,69,2.9057432462947843
16765469,24.02272374206195,644,84,3.4821938392277043
16765617,13.279444786696633,382,38,2.840177646069733
16765618,13.906226454537821,412,36,2.570285445323248
16765721,27.154139809455902,648,86,3.1554839228557143
16765722,27.56576779790611,695,76,2.747077202236624
16793877,5.130899690591786,205,32,6.117494483320852
16793878,4.999647657916813,222,24,4.706207489206012
16794102,14.064299375859717,438,43,3.035801408807068
16794103,13.69697400582925,430,50,3.6239830544636016
16794333,29.919316425113397,740,44,1.4657229157686853
16794334,29.527413660199187,681,55,1.8563888374058712
16794579,8.890961183548074,290,24,2.669347526926922
16794580,8.825335696088125,298,26,2.9130556973218957
16794646,20.90265803030366,451,47,2.237811991805328
16794647,17.4473490983257,345,34,1.9376146111576562
16794700,18.336097099651454,581,15,0.8136212300749698
16794701,18.44271992726515,592,19,1.0246608951938312
16794767,11.253540259943179,276,24,2.113878090050487
16794768,11.127207425189923,281,34,3.0283576950503206
16794969,15.840791950633085,390,22,1.3801070905467954
16794970,16.00546083193421,426,32,1.9869037175608035
16795334,19.113316432023336,555,51,2.6544089970327542
16795335,18.79672553333856,566,45,2.3813649576805633
16798921,20.97331285333974,445,24,1.1388812080487114
16798922,21.29838885804021,453,34,1.588904670606772
16799065,8.217237723668394,332,73,8.77695244807824
16799066,8.163505875234913,315,71,8.591994859322543
16799386,6.08158278195391,256,30,4.853125980546593
16799387,5.9853937463531395,241,17,2.793574369807669
16799564,11.026400760928468,389,54,4.853321497247044
16799565,11.395170122307405,393,43,3.740701489624295
16799819,15.525943501627022,506,61,3.9037642746915404
16799820,15.422985982362682,475,50,3.221029772030351
16799948,14.141047967317444,408,28,1.9661474397290652
16799949,11.70928230444078,380,23,1.9476204740529446
16800757,8.87999422413786,286,23,2.561248863409838
16800758,8.844812332799938,285,20,2.2359328799623377
16803207,17.34959140108728,495,54,3.094628335918242
16803208,18.414069143775013,515,51,2.7546618522351003
16803316,11.250214586796021,429,56,4.933827424297877
16803317,10.82761425478786,375,40,3.660451317859639
16803473,13.03516004779222,430,27,2.0555516569086807
16803474,13.120654318225359,424,31,2.344815865676549
16803570,7.907278977032349,252,14,1.748409171224938
16803571,8.172537256435112,225,16,1.9341103586513055
16804050,19.054069309367307,509,41,2.1405373102596497
16804051,18.721060281350184,469,22,1.1689033280340657
16804746,17.428148147935662,897,72,4.107678654489216
16804747,17.34030993578917,870,80,4.587074443891185
16807400,39.437316805913056,903,68,1.7198941530050964
16807401,38.6032679052274,865,72,1.8603080281568531
16807585,18.00580615775437,554,58,3.20339229828547
16807586,18.756378033755684,603,61,3.234979691794524
16810440,21.97929580581976,607,71,3.215682267424738
16810441,21.825004744796864,576,67,3.055871630581978
16813411,14.658031125763701,475,61,4.133342685089598
16813412,14.579473497804054,461,61,4.155462388288325
16813484,4.471174068459954,187,37,8.094200624581651
16813485,4.3300319372820875,189,40,9.029280277500844
16813873,2.906393723748377,97,0,0.0
16813874,2.870052229948813,108,0,0.0
16814053,12.693484166697719,264,38,2.9702620103221373
16814054,12.009248524051266,207,17,1.4038856305768912
16814775,18.43280523714408,382,21,1.1331258129185473
16814776,18.984649137282677,405,37,1.938730952497257
16814862,9.38994123376523,287,28,2.950492454091912
16814863,9.321147294094935,280,28,2.972037176146272
16815118,16.82782708250208,296,24,1.417783858674234
16815119,17.30458715444644,386,33,1.8960518688068573
16815231,19.113316432023336,555,51,2.6544089970327542
16815232,18.79672553333856,566,45,2.3813649576805633
16815445,12.64519665182243,489,71,5.570726128407579
16815446,11.783948644353412,457,62,5.217121165317298
16815550,5.53507374929372,178,12,2.1295196006093153
16815551,5.662585500825495,208,17,2.9500646884223647
16815656,9.37112033471869,343,42,4.434533457044021
16815657,9.370501254532586,326,45,4.7515964351372615
16815681,8.467941879495154,267,18,2.1008545871532696
16815682,8.486326400381513,277,13,1.5140351523816258
16815785,12.220821501099282,349,21,1.7044318025487464
16815786,12.482877874637696,356,24,1.9073538056325643
16816051,9.49673879591005,353,41,4.272284665856846
16816052,8.273260426680542,298,28,3.34397816061959
16817581,27.260915353692518,534,58,2.1198121206925395
16817582,27.291268806499257,562,47,1.7158752422906414
16817597,14.141047967317444,408,28,1.9661474397290652
16817598,11.70928230444078,380,23,1.9476204740529446
16817832,10.935604092072678,377,47,4.258942202698447
16817833,11.710820782253466,416,45,3.8100654331844117
16817863,8.890961183548074,290,24,2.669347526926922
16817864,8.825335696088125,298,26,2.9130556973218957
16817895,13.906226454537821,412,36,2.570285445323248
16817896,13.279444786696633,382,38,2.840177646069733
16817956,10.953699003525875,344,20,1.8093490689062965
16817957,10.97232135466386,372,34,3.0707201237144903
16819129,12.494835649672936,260,8,0.6351809759588046
16819130,12.686193980987557,298,18,1.4077684123019811
16819159,9.789005938345845,315,21,2.123570370058117
16819160,10.195219306276957,303,17,1.6512518572222317
16820939,13.689108126131543,342,15,1.0878150974517136
16820940,13.425888837400455,364,6,0.4435937683747179
16820952,5.0377949319232185,181,29,5.644444822001586
16820953,4.957474439469663,171,33,6.524995903579979
16820986,2.317929092134183,37,0,0.0
16820987,2.4520074861215204,49,2,0.7836967606390339
16821150,16.00546083193421,426,32,1.9869037175608035
16821151,15.840791950633085,390,22,1.3801070905467954
16821387,7.631350373671846,171,8,1.0347480858250853
16821388,7.369302874575625,178,1,0.13388130281928298
16821503,15.909471067060935,341,20,1.2492605106204584
16821504,18.302289280094595,373,24,1.3041855627147618
16821695,10.802949668372785,298,19,1.7426476850677477
16821696,10.983486372307603,320,30,2.706729542696586
16822287,11.083223349503637,232,5,0.4470982867584347
16822288,11.6805139462646,228,8,0.6790875199920003
16822419,8.669024199339775,293,39,4.447473186690069
16822420,8.590419890696557,301,46,5.293184975934804
16822499,25.190227325438617,589,45,1.7793434365351062
16822500,24.429292202083833,557,31,1.2637951288853928
16822666,19.497705861668567,624,49,2.500292653939653
16822667,19.359129103381516,609,45,2.3125392591274863
16822704,8.272912128644329,287,45,5.374474174409618
16822705,7.780078029633161,252,31,3.933971197166322
17008499,17.078321150425403,447,18,1.0478323139018884
17008500,16.97983438492419,430,16,0.9367772332805917
17008590,16.632290321032894,505,43,2.5698812998689102
17008591,16.601717886423785,499,35,2.095592814943319
17008888,14.691025604202396,471,50,3.380428195986227
17008889,15.155782968561494,495,55,3.6051902490578027
17010980,7.746579261733741,255,41,5.2252068872800566
17010981,8.413429428428712,302,49,5.755612401786682
17011006,6.766798456021318,291,35,5.09698955403437
17011007,6.895118802025886,291,51,7.290798261386165
17011058,11.311641950343358,427,81,7.098014497165576
17011059,11.746320440193706,443,88,7.428466961050824
17032688,31.36256015892282,678,37,1.1760009297751555
17032689,32.763790281392396,689,38,1.1562878071771212
17032739,26.030698513651952,614,20,0.7653832900621093
17032740,25.99571229199607,568,25,0.9580117883069954
17032885,11.6952292404712,435,51,4.323782010527728
17032886,11.10277483725139,411,55,4.909497941270263
17033334,25.190227325438617,589,45,1.7793434365351062
17033335,24.429292202083833,557,31,1.2637951288853928
17034805,4.6093039855940665,132,5,1.0617280208062982
17034806,4.98157094891728,167,10,1.9678953812758788
17039847,50.20232627568925,1463,37,0.7355524632641459
17039848,51.1279469786801,1488,49,0.956509149593535
17047997,21.552302681787065,601,55,2.540145535941704
17047998,21.366100262347334,647,49,2.2826689245437173
17052321,16.608056504277542,796,30,1.795540971047081
17052322,15.892185701781619,779,19,1.188080250836713
17065220,8.01584135716175,272,34,4.189337679696882
17071083,10.144769608050433,284,24,2.342658831599354
17071084,9.588997521571837,296,30,3.0962955592884835
17071138,12.0662938450969,401,50,4.109714974552447
17071139,12.1075287174659,408,35,2.8670831590937658
17073028,10.897147056257763,344,52,4.728499103811672
17073029,10.357534344692507,272,27,2.5818705547644947
17082327,53.16475292113974,821,85,1.5958020142484348
17082328,53.61017320363458,800,74,1.3777650598786824
